Field_ID,Field_Name,Crop,Date,B2,B3,B4,B5,B6,B7,B8,B8A,B11,B12,NDVI,NDMI
M001,Mahesana_Field_001,cotton,2025-06-02,0.18617259747108186,0.18813622610312697,0.19772087766131052,0.21631158205672935,0.29813337104413135,0.34421204457071075,0.3207140480483028,0.37365702006357904,0.3195786623704081,0.2191036042469191,0.24347365501045698,0.006001377491271651
M002,Mahesana_Field_002,cotton,2025-06-03,0.21269089344213032,0.20955979494300345,0.22556917504721682,0.2355947503775118,0.29000717916160645,0.3206813948534233,0.2989359032328436,0.3499346271415727,0.3165877916774922,0.22234592127927352,0.1460709933278643,-0.024248268910611135
M003,Mahesana_Field_003,cotton,2025-06-05,0.19735675713921708,0.19584129279507356,0.20202914281329035,0.21916209290026345,0.30155968345305123,0.35606724726187433,0.3336673021254005,0.385093158766405,0.32658369282353056,0.22684157175090267,0.25372347093517406,0.015706664946964637
M004,Mahesana_Field_004,cotton,2025-06-08,0.1559103671734037,0.16261439730970567,0.18086660351061726,0.19327613267941401,0.25345344373470724,0.29567112312622207,0.2759475100068219,0.32323671926292985,0.31296649954805655,0.23260185498175093,0.21034900042963864,-0.06140156532064622
M005,Mahesana_Field_005,cotton,2025-06-13,0.23128889004389444,0.21784166619181633,0.23228571528480166,0.23203333289850325,0.2618052661418915,0.2836147055906408,0.2636300027370453,0.308302857194628,0.27069474050873205,0.21035151499690433,0.06299035102128983,-0.012699564080685377
M006,Mahesana_Field_006,cotton,2025-06-15,0.1550539375091728,0.15293358257895442,0.15511025812156562,0.1709435398386986,0.25893188901845315,0.3205965321811266,0.2946745352654773,0.35753266975025216,0.3093409949237268,0.2025416058792529,0.31086063985640683,-0.016948743902525355
M007,Mahesana_Field_007,cotton,2025-06-28,0.3158227231908352,0.29180223568052543,0.29527658586645533,0.27320641061032186,0.30052358655669303,0.34459076702285213,0.2912154955945852,0.36367942700915595,0.30700471517810946,0.22598622935717222,7.7712033155813E-4,-0.02948509905702701
M008,Mahesana_Field_008,cotton,2025-07-08,0.7719299991925558,0.7643938205215368,0.8242840142477126,0.775654093226504,0.8076677512656594,0.8819306904397657,0.7743898811084884,0.9113411273687116,0.5135507382014218,0.31302736407598936,-0.020927765806499382,0.1986279794398476
M009,Mahesana_Field_009,cotton,2025-08-07,0.1502104641882763,0.1457838174460981,0.14905547131115512,0.15796132334875662,0.21086923564631335,0.2512731352671175,0.22948207895012737,0.2744038972252672,0.2609754049179876,0.18741028774615018,0.20662487111247796,-0.06609813828967771
M010,Mahesana_Field_010,cotton,2025-08-17,0.2539309369914274,0.24255854927719014,0.2393594108949848,0.23004432602987426,0.29794560454191277,0.3580304026772133,0.30040202413992306,0.381378354935676,0.26459778748691065,0.16521478187716512,0.13625674707687158,0.0748281258702265
M011,Mahesana_Field_011,cotton,2025-08-27,0.22492003840574382,0.2186001184125706,0.22405630446360766,0.2235626497140264,0.28757781785012027,0.3463866448321405,0.2829935348914187,0.3829950081607023,0.25588286987843767,0.17009895338766054,0.1645184150034692,0.06027965313696105
M012,Mahesana_Field_012,cotton,2025-09-03,0.19457796931066287,0.18795123262706837,0.17384740438381135,0.18978928804610778,0.28928141944152796,0.35171053864573576,0.31627358193746324,0.37641981170398614,0.2683360119836673,0.16755525594286275,0.3047489908866781,0.09180443943942948
M013,Mahesana_Field_013,cotton,2025-09-23,0.15184794330818815,0.14579532889809185,0.13078735311180184,0.15349228930096726,0.258942958733672,0.31846861223321926,0.29193625737272766,0.34623988781810233,0.24606876845629722,0.1503189703253319,0.39220948150398216,0.10090355366393589
M014,Mahesana_Field_014,cotton,2025-09-26,0.2531293864891807,0.24014215137883077,0.2327431469994271,0.24346093723766354,0.31495699609821676,0.3593319409479362,0.33064056373743544,0.3797434198776027,0.29316539264979685,0.2181312177133821,0.19194272791408784,0.06772267146210187
M015,Mahesana_Field_015,cotton,2025-10-03,0.15566887338388186,0.14949259359515357,0.13650520052701207,0.1559777785498211,0.26280542946019264,0.32379931364279735,0.29408280320229135,0.3529622114125249,0.25621311498849997,0.15513926116731439,0.38438926296840337,0.08621462689044883
M016,Mahesana_Field_016,cotton,2025-10-06,0.16579678573962078,0.16378152086087958,0.15306756164545568,0.17073049284548886,0.2920168144991714,0.36412192439038304,0.32376479352163906,0.3976338323664714,0.2476079623200303,0.14988393996508131,0.4391817976017916,0.1303211126854876
M017,Mahesana_Field_017,cotton,2025-10-08,0.1499842069243819,0.14256193616646223,0.13229725398249367,0.16734365646504815,0.26814974940877057,0.30534341016291855,0.2907038283604745,0.3342223832732069,0.24588464156263576,0.1554196455271491,0.37534227072967213,0.08525902703529907
M018,Mahesana_Field_018,cotton,2025-10-11,0.13258798130842434,0.12839972855544426,0.12289428162119555,0.15570737462697004,0.25283929412486905,0.2881669655360997,0.2783437150271694,0.314406068412163,0.2419065597554814,0.1606090253201616,0.38363953395653183,0.06901301428140875
M019,Mahesana_Field_019,cotton,2025-10-13,0.125370977925464,0.12188835605568196,0.11361153442761004,0.1437523938260133,0.243746573089806,0.2871987127567267,0.28052168784474746,0.3155770953432583,0.24384143661429916,0.16139073868205978,0.41968552578994445,0.07142400345981488
M020,Mahesana_Field_020,cotton,2025-10-16,0.1227195511688889,0.11759824848449321,0.11254478279138515,0.13690526858660135,0.22811919065322903,0.2700455884736758,0.2593627019603595,0.2962262453949117,0.23646338757139515,0.1571724260570098,0.3877597331519714,0.045883163346727894
M021,Mahesana_Field_021,cotton,2025-10-18,0.12884860144650837,0.11910075112569014,0.11238277386460242,0.14803673801399933,0.23765901133328954,0.2720584016328825,0.26378040769144395,0.3024991897671924,0.2451823256351194,0.1584517730312544,0.3984924162832452,0.03995659667901167
M022,Mahesana_Field_022,cotton,2025-10-20,0.13528403145181347,0.12521953774330338,0.11648513720489212,0.14333843173363414,0.23525493095476604,0.2752869497717696,0.26252512484514606,0.3037190220774512,0.24720979414601174,0.16002230108287424,0.3810802769860422,0.03440796490496257
M023,Mahesana_Field_023,cotton,2025-10-21,0.1731261556148689,0.15379576216490906,0.14303326740367975,0.16126093253645277,0.24285889773538835,0.27686501398440455,0.2570683778921404,0.3043501689468132,0.236203983961794,0.1492121437399534,0.28173938647857344,0.04590526081559383
M024,Mahesana_Field_024,cotton,2025-10-23,0.14998192996541967,0.13562906695035193,0.1248724750718088,0.14512376307641311,0.22730227794571223,0.26966879933204324,0.25827480256078605,0.2976245300317539,0.24423856112578812,0.1604468090200712,0.3454194981752937,0.03389321778998452
M025,Mahesana_Field_025,cotton,2025-10-26,0.150406491338161,0.12898959913588562,0.10956894501829319,0.116149455840455,0.18971090482033598,0.2364725854047915,0.20908677566901712,0.2538680934101969,0.14628215432406622,0.08291296532102564,0.31411095162823155,0.17374273019444522
M026,Mahesana_Field_026,cotton,2025-11-02,0.34283098790526517,0.31998426181487355,0.3238351326132318,0.3169662484060262,0.4068113968192532,0.45815275733185346,0.42069830361768445,0.48194240376306746,0.30461036604302555,0.18758789536988604,0.210996496021873,0.16860945861677076
M027,Mahesana_Field_027,cotton,2025-11-05,0.1268384059526145,0.1211248330513517,0.11046826617147806,0.1362742174611395,0.23064149736959283,0.26880759980663693,0.25732213651581276,0.29000055391845675,0.21942507269772674,0.14105893734902883,0.39490348824576155,0.07825499454586134
M028,Mahesana_Field_028,cotton,2025-11-07,0.1261998100619311,0.11689517055571573,0.10692716931426008,0.14689023799149037,0.23782669173214693,0.26657824324544915,0.2648924102047398,0.2900181104652229,0.23697554672354282,0.15918608443026852,0.41870335586504165,0.05576176815698988
M029,Mahesana_Field_029,cotton,2025-11-09,0.12247750415768298,0.11579564411545985,0.10654484478716073,0.13961234104615092,0.23353496363956022,0.26675419748016693,0.2623987583175868,0.289107274936048,0.2387869366363722,0.1622508295691218,0.4149063602865516,0.045995572452549385
M030,Mahesana_Field_030,cotton,2025-11-10,0.1238590567982141,0.11672124856185663,0.10990322772302087,0.1447105423458687,0.23380637666139178,0.26256392638987147,0.2580084905325039,0.28455554643820014,0.22708916023006948,0.15509390856112834,0.39785095303748885,0.06304752046381427
M031,Mahesana_Field_031,cotton,2025-11-12,0.12421607099952175,0.11626172002547092,0.10720960879337535,0.13631771287073116,0.22597333111270992,0.26087418982294724,0.2574183936022555,0.28587192737893113,0.23550587067789241,0.1595980905220082,0.403493555422076,0.04362777113077043
M032,Mahesana_Field_032,cotton,2025-11-15,0.12719000890720825,0.11929701841140936,0.10962623757477456,0.13728255289568073,0.2269175104553039,0.2600003096337088,0.25629495172624556,0.2815025666211512,0.2202643463487461,0.1499043782954514,0.39456199361933586,0.07464019639431993
M033,Mahesana_Field_033,cotton,2025-11-17,0.13571456694001044,0.12146429224752552,0.11251526767625719,0.1491590860703828,0.232005598691961,0.25876842954456003,0.2586823618274644,0.2821312952316083,0.23480128929410626,0.15999925111189503,0.3852539716914772,0.04919726538708697
M034,Mahesana_Field_034,cotton,2025-11-20,0.136782885431983,0.12347060230476958,0.11322389376090174,0.14588760963374253,0.2318152226281501,0.2589476849451918,0.25494574947869003,0.28000128799175605,0.21572747326572944,0.1436201867198937,0.37874077047150023,0.08367486166333282
M035,Mahesana_Field_035,cotton,2025-11-22,0.1386562988975627,0.12419877554231,0.11371715545402056,0.1385014523908648,0.2208067932031334,0.2540803962855811,0.2503749003688195,0.2782548858503044,0.22942249542878293,0.15496422064198204,0.3661523305069602,0.045117091235888425
M036,Mahesana_Field_036,cotton,2025-11-25,0.17905597923666325,0.16024727185701232,0.14338368391232256,0.16028304271624927,0.239385804593582,0.27363524699261205,0.25859975889132336,0.29200335217496315,0.20983406270495664,0.13223801225881024,0.2832750472033746,0.10661192817414676
M037,Mahesana_Field_037,cotton,2025-11-27,0.22360567248967353,0.1919906678651889,0.17589986164099103,0.1848839139109618,0.24555907674525143,0.26946830570885383,0.24730804986472935,0.2915314361589737,0.22465809752032995,0.13913266153549872,0.16999973304789345,0.05588345019942426
M038,Mahesana_Field_038,cotton,2025-11-29,0.17088231859056735,0.14974408752787122,0.1337379843333438,0.1503983210363357,0.22795148397051798,0.26105156542956753,0.2440735532780623,0.28257053071331634,0.22629385317523001,0.14430476172727122,0.28617753885623304,0.04055610004438557
M039,Mahesana_Field_039,cotton,2025-12-02,0.14978736336725237,0.13295381514063254,0.11902847640153016,0.1388082726291595,0.2205166873199849,0.25692938392813974,0.24582465218561306,0.2792080301778812,0.22182267332377056,0.144818110063521,0.33916601110641686,0.05305684708417288
M040,Mahesana_Field_040,cotton,2025-12-05,0.12987300872168617,0.11889956119010817,0.10485092166691375,0.13002334197659488,0.2236350282564712,0.2595789024470828,0.25029083821568904,0.28055104793859026,0.20241290395159656,0.12749034557076516,0.40065910020765844,0.10480234030344965
M041,Mahesana_Field_041,cotton,2025-12-07,0.11931772736094963,0.1086210252710023,0.10128109145213485,0.13955366888125875,0.22864097408339698,0.2572119511309245,0.2552530294369624,0.28088606106885433,0.22379932501202088,0.1490294937640624,0.4191554260869051,0.06251393796591571
M042,Mahesana_Field_042,cotton,2025-12-10,0.11071977889015981,0.1032774920234346,0.0932766140392223,0.13194120047326693,0.23123616801268504,0.2613407228314745,0.2585765690754083,0.2830590435329275,0.2037897809887193,0.13017638308664348,0.4581463236768058,0.11415410537115085
M043,Mahesana_Field_043,cotton,2025-12-12,0.11859484867189007,0.11029209558734802,0.10143524223976377,0.13102220093920414,0.22463035528018274,0.25971866818247086,0.2572309655433499,0.28410109834164055,0.22059335249378828,0.14698423926378185,0.42122036515211597,0.07424657285975537
M044,Mahesana_Field_044,cotton,2025-12-15,0.1133819008713474,0.10655162969966488,0.09501506892159464,0.12501673604111962,0.2242005919795714,0.2598294792284785,0.2557679307552226,0.2822158133878932,0.20016782391880758,0.1272377695080596,0.44755215207840987,0.11919623806339563
M045,Mahesana_Field_045,cotton,2025-12-17,0.12504187454414847,0.11236185363261594,0.1024747185065569,0.14091492100626982,0.23149350953723147,0.260357876796318,0.2587733908721212,0.28341055271083504,0.21757404245180262,0.14269892170893556,0.4212061471609573,0.08547146782045363
M046,Mahesana_Field_046,cotton,2025-12-19,0.11518587979336418,0.10727868188306867,0.09801251984801634,0.12974179585235596,0.2279871238794165,0.26395474238780303,0.2556926708689735,0.28707381936404486,0.21777267574332618,0.1405422060466247,0.4333367809204394,0.07758480100796057
M047,Mahesana_Field_047,cotton,2025-12-20,0.11618623252385624,0.10637633655165507,0.09487510122000142,0.12966970984607118,0.22779642829915653,0.26003846006153364,0.2510612475500632,0.28393651681291876,0.19651722434270888,0.12027387262302901,0.44156115697535625,0.12018471074273848
M048,Mahesana_Field_048,cotton,2025-12-25,0.1211652887838639,0.11153350298792085,0.09816338624442979,0.12637841549360515,0.22393490893490134,0.26074943142322254,0.2536494703547048,0.28309159373421977,0.19426314217738913,0.1209687071599298,0.4334479014935277,0.13311911684346334
M049,Mahesana_Field_049,cotton,2025-12-27,0.13097742120508574,0.11599568948926521,0.103262157705135,0.13976534035288518,0.2348228544222918,0.2661229243979239,0.25938916571611076,0.2904345908592947,0.21019748657488913,0.1323966901555372,0.419245280101667,0.10447582122250253
M050,Mahesana_Field_050,cotton,2025-12-30,0.15816498509823845,0.1376499937151181,0.12091951452452443,0.14884287101805718,0.2368570976405674,0.26585620110289954,0.2551707421101063,0.2876256723454335,0.19096725287463376,0.11656715356529405,0.351877046172724,0.1479287528230866
